{
    "GA_5_parents": [
        [
            30623,
            0.406151663,
            2.2704825411163267,
            "0000101110000000000000110000110100000111110000000100000000000110001001101010000010000000000000001001"
        ],
        [
            28205,
            0.542430334,
            2.130723405624788,
            "0100000000100001000010001000000101000100000010111000000100000000111010010110000000000101010000001010"
        ]
    ],
    "jaya": [
        [
            29545,
            0.399270881,
            2.2554814679660544,
            "0000101110000000000000110000110100000111110000000100000000000110001001101010000010000000000000001001"
        ],
        [
            27511,
            0.164110711,
            2.1180281477248677,
            "0100000000100001000010001000000101000100000010111000000100000000111010010110000000000101010000001010"
        ]
    ],
    "GA3": [
        [
            30591,
            0.632662769,
            2.1214399556128423,
            "0000101110000000000000110000110100000111110000000100000000000110001001101010000010000000000000001001"
        ],
        [
            29349,
            1.133825479,
            1.5378795880943303,
            "0000101110000000000000110000110100000111110000000100000000000110001001101010000010000000000000001001"
        ],
        [
            28107,
            0.251021787,
            2.0298048970734595,
            "0100000000100001000010001000000101000100000010111000000100000000111010010110000000000101010000001010"
        ],
        [
            26881,
            0.198204753,
            1.4608833531388465,
            "0100000000100001000010001000000101000100000010111000000100000000111010010110000000000101010000001010"
        ]
    ],
    "LS": [
        [
            25204,
            1.535424901,
            5.281599896950475,
            "0000101110000000000000110000110100000111110000000100000000000110001001101010000010000000000000001001"
        ],
        [
            23309,
            0.037905188,
            5.323188328811272,
            "0100000000100001000010001000000101000100000010111000000100000000111010010110000000000101010000001010"
        ]
    ],
    "LF": [
        [
            23833,
            1.472803778,
            5.505007056369582,
            "0000101110000000000000110000110100000111110000000100000000000110001001101010000010000000000000001001"
        ],
        [
            22753,
            0.005836321,
            5.515443149844354,
            "0100000000100001000010001000000101000100000010111000000100000000111010010110000000000101010000001010"
        ]
    ],
    "TLGJ_skate": [
        [
            30602,
            1.418213529,
            2.1173511002694227,
            "0000101110000000000000110000110100000111110000000100000000000110001001101010000010000000000000001001"
        ],
        [
            28205,
            1.001365829,
            2.3164391584135626,
            "0100000000100001000010001000000101000100000010111000000100000000111010010110000000000101010000001010"
        ]
    ],
    "ljt": [
        [
            30090,
            0.344971154,
            2.005735459324438,
            "0000101110000000000000110000110100000111110000000100000000000110001001101010000010000000000000001001"
        ],
        [
            27546,
            0.230504938,
            2.2626959986624944,
            "0100000000100001000010001000000101000100000010111000000100000000111010010110000000000101010000001010"
        ]
    ],
    "TBO": [
        [
            30061,
            0.417863054,
            3.0806565445732583,
            "0000101110000000000000110000110100000111110000000100000000000110001001101010000010000000000000001001"
        ],
        [
            27486,
            0.198289334,
            2.913388233704383,
            "0100000000100001000010001000000101000100000010111000000100000000111010010110000000000101010000001010"
        ]
    ],
    "TLBO": [
        [
            30760,
            0.674929523,
            2.1593965687694996,
            "0000101110000000000000110000110100000111110000000100000000000110001001101010000010000000000000001001"
        ],
        [
            27627,
            0.333801625,
            2.0950633811449597,
            "0100000000100001000010001000000101000100000010111000000100000000111010010110000000000101010000001010"
        ]
    ],
    "TLGJ_pogo": [
        [
            30894,
            6.804269194,
            2.0621340797540166,
            "0000101110000000000000110000110100000111110000000100000000000110001001101010000010000000000000001001"
        ],
        [
            28384,
            0.592527262,
            1.9735604117594372,
            "0100000000100001000010001000000101000100000010111000000100000000111010010110000000000101010000001010"
        ]
    ],
    "GJTL_pogo": [
        [
            30346,
            0.620058968,
            2.1777493587587986,
            "0000101110000000000000110000110100000111110000000100000000000110001001101010000010000000000000001001"
        ],
        [
            28047,
            0.309916697,
            2.0306775842543683,
            "0100000000100001000010001000000101000100000010111000000100000000111010010110000000000101010000001010"
        ]
    ],
    "triplicate": [
        [
            29967,
            0.922324328,
            2.308695925892878,
            "0000101110000000000000110000110100000111110000000100000000000110001001101010000010000000000000001001"
        ],
        [
            27811,
            0.442919733,
            2.1947653070123176,
            "0100000000100001000010001000000101000100000010111000000100000000111010010110000000000101010000001010"
        ]
    ],
    "GJTL_skate": [
        [
            30513,
            1.262921719,
            2.227398910973959,
            "0000101110000000000000110000110100000111110000000100000000000110001001101010000010000000000000001001"
        ],
        [
            28136,
            0.797960334,
            2.0589869648054466,
            "0100000000100001000010001000000101000100000010111000000100000000111010010110000000000101010000001010"
        ]
    ],
    "GA_2_parents": [
        [
            30602,
            0.693227023,
            2.2469257863204266,
            "0000101110000000000000110000110100000111110000000100000000000110001001101010000010000000000000001001"
        ],
        [
            28185,
            0.397895771,
            2.0467648580016355,
            "0100000000100001000010001000000101000100000010111000000100000000111010010110000000000101010000001010"
        ]
    ],
    "LBO": [
        [
            30304,
            0.48440384,
            2.2435520478465643,
            "0000101110000000000000110000110100000111110000000100000000000110001001101010000010000000000000001001"
        ],
        [
            28004,
            0.281895248,
            2.1157832700289747,
            "0100000000100001000010001000000101000100000010111000000100000000111010010110000000000101010000001010"
        ]
    ],
    "GA_4_parents": [
        [
            30569,
            0.373568817,
            2.10382909404384,
            "0000101110000000000000110000110100000111110000000100000000000110001001101010000010000000000000001001"
        ],
        [
            28136,
            0.544012621,
            1.9247628713119649,
            "0100000000100001000010001000000101000100000010111000000100000000111010010110000000000101010000001010"
        ]
    ],