{
    "GA2": [
        [
            30708,
            6.057245851,
            2.2923366616214245,
            "0110000010101000001000000010000100001010010011000110000100000000011000100001000101001010000110010000"
        ]
    ],
    "TBO": [
        [
            30211,
            3.99506993,
            3.024308873895352,
            "0110000010101000001000000010000100001010010011000110000100000000011000100001000101001010000110010000"
        ]
    ],
    "TLBO": [
        [
            30562,
            1.525658674,
            2.156414983912223,
            "0110000010101000001000000010000100001010010011000110000100000000011000100001000101001010000110010000"
        ]
    ],
    "jaya": [
        [
            30246,
            1.571028395,
            2.0061866471409027,
            "0110000010101000001000000010000100001010010011000110000100000000011000100001000101001010000110010000"
        ]
    ],
    "LBO": [
        [
            30535,
            2.343098256,
            2.2147676649085253,
            "0110000010101000001000000010000100001010010011000110000100000000011000100001000101001010000110010000"
        ]
    ],
    "VND": [
        [
            26922,
            0.58531192,
            5.217941575293241,
            "0110000010101000001000000010000100001010010011000110000100000000011000100001000101001010000110010000"
        ]
    ],
    "control": [
        [
            26922,
            4.260152541,
            5.217941575293241,
            "0110000010101000001000000010000100001010010011000110000100000000011000100001000101001010000110010000"
        ]
    ],
    "LS": [
        [
            26922,
            1.492503427,
            5.217941575293241,
            "0110000010101000001000000010000100001010010011000110000100000000011000100001000101001010000110010000"
        ]
    ],
    "LF": [
        [
            26922,
            0.524430471,
            5.217941575293241,
            "0110000010101000001000000010000100001010010011000110000100000000011000100001000101001010000110010000"
        ]
    ]
}
