{
    "GJTL_skate": [
        [
            168302,
            37.913551146,
            2.4717527222928393,
            "11101000001010000010001110000001001100000001010001010000001000010000010011010100000000001000000000100000010000000000101010010001100000010010101000010000000100000001000001000000000010111100000100010000000001101100001100000000000010000010011010000000100001001010000000100000110000010001000000101011001100100101000110000110001000000001100000000100000000000001101000010000100000010010000001000001010000000110010000001100010100100011100100100000010010010001000011001100000100101100000010010000000010110000"
        ],
        [
            142655,
            25.265307682,
            2.2871971412942695,
            "00001010001000100000000000001010001000000100001000001000101110001110000100100010011010100100000100000000000110110100000000010000010000101100000000100001101000000011000000000000000000110000000000000100001000100001011010000000000110000010000100010011000010100001100000101100001000110000101110000001000101000001001001100000000110000000100000000001000000000000000110110001011001111000000011000011000001001000100010001010000010001000010101000001010100100000000000010010000010010100000100010001010111011000"
        ]
    ],
    "control": [
        [
            121469,
            0.001442092,
            12.973183671822492,
            "11101000001010000010001110000001001100000001010001010000001000010000010011010100000000001000000000100000010000000000101010010001100000010010101000010000000100000001000001000000000010111100000100010000000001101100001100000000000010000010011010000000100001001010000000100000110000010001000000101011001100100101000110000110001000000001100000000100000000000001101000010000100000010010000001000001010000000110010000001100010100100011100100100000010010010001000011001100000100101100000010010000000010110000"
        ],
        [
            104328,
            0.001773006,
            13.059660095111669,
            "00001010001000100000000000001010001000000100001000001000101110001110000100100010011010100100000100000000000110110100000000010000010000101100000000100001101000000011000000000000000000110000000000000100001000100001011010000000000110000010000100010011000010100001100000101100001000110000101110000001000101000001001001100000000110000000100000000001000000000000000110110001011001111000000011000011000001001000100010001010000010001000010101000001010100100000000000010010000010010100000100010001010111011000"
        ]
    ],
    "TLGJ_pogo": [
        [
            156203,
            10.876032828,
            1.804583694378831,
            "11101000001010000010001110000001001100000001010001010000001000010000010011010100000000001000000000100000010000000000101010010001100000010010101000010000000100000001000001000000000010111100000100010000000001101100001100000000000010000010011010000000100001001010000000100000110000010001000000101011001100100101000110000110001000000001100000000100000000000001101000010000100000010010000001000001010000000110010000001100010100100011100100100000010010010001000011001100000100101100000010010000000010110000"
        ],
        [
            128157,
            16.289070844,
            2.063198273295223,
            "00001010001000100000000000001010001000000100001000001000101110001110000100100010011010100100000100000000000110110100000000010000010000101100000000100001101000000011000000000000000000110000000000000100001000100001011010000000000110000010000100010011000010100001100000101100001000110000101110000001000101000001001001100000000110000000100000000001000000000000000110110001011001111000000011000011000001001000100010001010000010001000010101000001010100100000000000010010000010010100000100010001010111011000"
        ]
    ],
    "GJTL_pogo": [
        [
            168208,
            16.198471262,
            2.4585729675479997,
            "11101000001010000010001110000001001100000001010001010000001000010000010011010100000000001000000000100000010000000000101010010001100000010010101000010000000100000001000001000000000010111100000100010000000001101100001100000000000010000010011010000000100001001010000000100000110000010001000000101011001100100101000110000110001000000001100000000100000000000001101000010000100000010010000001000001010000000110010000001100010100100011100100100000010010010001000011001100000100101100000010010000000010110000"
        ],
        [
            142720,
            29.342614569,
            2.409103737411689,
            "00001010001000100000000000001010001000000100001000001000101110001110000100100010011010100100000100000000000110110100000000010000010000101100000000100001101000000011000000000000000000110000000000000100001000100001011010000000000110000010000100010011000010100001100000101100001000110000101110000001000101000001001001100000000110000000100000000001000000000000000110110001011001111000000011000011000001001000100010001010000010001000010101000001010100100000000000010010000010010100000100010001010111011000"
        ]
    ],
    "TLGJ_skate": [
        [
            167628,
            32.65312249,
            2.784193602614169,
            "11101000001010000010001110000001001100000001010001010000001000010000010011010100000000001000000000100000010000000000101010010001100000010010101000010000000100000001000001000000000010111100000100010000000001101100001100000000000010000010011010000000100001001010000000100000110000010001000000101011001100100101000110000110001000000001100000000100000000000001101000010000100000010010000001000001010000000110010000001100010100100011100100100000010010010001000011001100000100101100000010010000000010110000"
        ],
        [
            142662,
            39.576135867,
            2.5247016022096576,
            "00001010001000100000000000001010001000000100001000001000101110001110000100100010011010100100000100000000000110110100000000010000010000101100000000100001101000000011000000000000000000110000000000000100001000100001011010000000000110000010000100010011000010100001100000101100001000110000101110000001000101000001001001100000000110000000100000000001000000000000000110110001011001111000000011000011000001001000100010001010000010001000010101000001010100100000000000010010000010010100000100010001010111011000"
        ]
    ]
}
