{
    "TBO": [
        [
            28456,
            1.702254546,
            2.351327916380459,
            "0000111001010001000000000000000101000000100000010010000110001000000010100001000100001100000100110110"
        ],
        [
            21187,
            2.304370114,
            2.809089210656997,
            "0010000100000000100000000000000111010000000010000100000011001100010001010000100011100100100101000001"
        ],
        [
            21796,
            5.121589747,
            2.41500081060903,
            "0001000001011000100000111100100100010100100000000010000100001000110000000100000101000100011010001000"
        ],
        [
            10273,
            1.503912168,
            2.6433579466863852,
            "1010011110100011000000101000101000010001000001000001010000000100100100010000000100000100000000001000"
        ],
        [
            9588,
            2.877821198,
            2.8226514019492615,
            "0000100001011010110100110000000100000000010000000111001000001000101001000100000100000010100000001000"
        ]
    ],
    "TLBO": [
        [
            28367,
            2.436723459,
            2.1319478613692535,
            "0000111001010001000000000000000101000000100000010010000110001000000010100001000100001100000100110110"
        ],
        [
            21655,
            2.614472278,
            2.1243624010261852,
            "0010000100000000100000000000000111010000000010000100000011001100010001010000100011100100100101000001"
        ],
        [
            21824,
            3.180368032,
            2.1343759965533526,
            "0001000001011000100000111100100100010100100000000010000100001000110000000100000101000100011010001000"
        ],
        [
            10744,
            3.837590287,
            2.2626598662946726,
            "1010011110100011000000101000101000010001000001000001010000000100100100010000000100000100000000001000"
        ],
        [
            9659,
            4.003893199,
            2.508252737692592,
            "0000100001011010110100110000000100000000010000000111001000001000101001000100000100000010100000001000"
        ]
    ],
    "jaya": [
        [
            25167,
            0.986769538,
            2.1061825342665235,
            "0000111001010001000000000000000101000000100000010010000110001000000010100001000100001100000100110110"
        ],
        [
            16801,
            0.273068515,
            5.0958439798880555,
            "0010000100000000100000000000000111010000000010000100000011001100010001010000100011100100100101000001"
        ],
        [
            17493,
            0.068587674,
            5.196085410765736,
            "0001000001011000100000111100100100010100100000000010000100001000110000000100000101000100011010001000"
        ],
        [
            8416,
            0.844384222,
            1.802662738301906,
            "1010011110100011000000101000101000010001000001000001010000000100100100010000000100000100000000001000"
        ],
        [
            6898,
            0.662783286,
            2.66430239580073,
            "0000100001011010110100110000000100000000010000000111001000001000101001000100000100000010100000001000"
        ]
    ],
    "LBO": [
        [
            27920,
            1.463517156,
            2.107415527887251,
            "0000111001010001000000000000000101000000100000010010000110001000000010100001000100001100000100110110"
        ],
        [
            21428,
            1.677699572,
            2.2611348094013732,
            "0010000100000000100000000000000111010000000010000100000011001100010001010000100011100100100101000001"
        ],
        [
            21875,
            3.271924332,
            1.9242155552069373,
            "0001000001011000100000111100100100010100100000000010000100001000110000000100000101000100011010001000"
        ],
        [
            10412,
            1.536395909,
            2.0135440969420637,
            "1010011110100011000000101000101000010001000001000001010000000100100100010000000100000100000000001000"
        ],
        [
            9929,
            2.171757424,
            2.1116929733215315,
            "0000100001011010110100110000000100000000010000000111001000001000101001000100000100000010100000001000"
        ]
    ],
    "VND": [
        [
            24381,
            0.249253408,
            5.228510853670852,
            "0000111001010001000000000000000101000000100000010010000110001000000010100001000100001100000100110110"
        ],
        [
            18105,
            0.242408746,
            5.331861719651796,
            "0010000100000000100000000000000111010000000010000100000011001100010001010000100011100100100101000001"
        ],
        [
            18781,
            0.279003814,
            5.172394660112289,
            "0001000001011000100000111100100100010100100000000010000100001000110000000100000101000100011010001000"
        ],
        [
            8867,
            0.163391021,
            5.207479761876404,
            "1010011110100011000000101000101000010001000001000001010000000100100100010000000100000100000000001000"
        ],
        [
            7109,
            0.163391473,
            5.31951306646747,
            "0000100001011010110100110000000100000000010000000111001000001000101001000100000100000010100000001000"
        ]
    ],
    "GA3": [
        [
            28456,
            3.332435672,
            2.182408240838332,
            "0000111001010001000000000000000101000000100000010010000110001000000010100001000100001100000100110110"
        ],
        [
            21715,
            7.2387482,
            2.177283065973846,
            "0010000100000000100000000000000111010000000010000100000011001100010001010000100011100100100101000001"
        ],
        [
            22054,
            12.40564026,
            2.167692089817058,
            "0001000001011000100000111100100100010100100000000010000100001000110000000100000101000100011010001000"
        ],
        [
            10767,
            5.947767539,
            2.281322246200522,
            "1010011110100011000000101000101000010001000001000001010000000100100100010000000100000100000000001000"
        ],
        [
            9680,
            4.75160477,
            2.2987408068029525,
            "0000100001011010110100110000000100000000010000000111001000001000101001000100000100000010100000001000"
        ]
    ],
    "control": [
        [
            22867,
            0.000622987,
            5.305898203796686,
            "0000111001010001000000000000000101000000100000010010000110001000000010100001000100001100000100110110"
        ],
        [
            16382,
            0.000799476,
            5.301719430252432,
            "0010000100000000100000000000000111010000000010000100000011001100010001010000100011100100100101000001"
        ],
        [
            17493,
            0.000883157,
            5.196085410765736,
            "0001000001011000100000111100100100010100100000000010000100001000110000000100000101000100011010001000"
        ],
        [
            6648,
            0.000557157,
            5.355273499448282,
            "1010011110100011000000101000101000010001000001000001010000000100100100010000000100000100000000001000"
        ],
        [
            5305,
            0.000521516,
            5.2430628133929345,
            "0000100001011010110100110000000100000000010000000111001000001000101001000100000100000010100000001000"
        ]
    ]
}
