{
    "TBO_med_no_repair": [
        [
            103742,
            0.406686965
        ],
        [
            62792,
            0.012882737
        ],
        [
            64481,
            0.010684988
        ]
    ],
    "TBO_prob_repair": [
        [
            120041,
            0.513417458
        ],
        [
            72017,
            1.968680219
        ],
        [
            71615,
            1.638996612
        ]
    ],
    "triplicate_med_no_repair": [
        [
            103742,
            0.170504541
        ],
        [
            62792,
            0.017755172
        ],
        [
            64481,
            0.01916292
        ]
    ],
    "triplicate_med_repair": [
        [
            123740,
            0.836972646
        ],
        [
            72327,
            0.949718413
        ],
        [
            80365,
            3.231556232
        ]
    ],
    "LBO_repair": [
        [
            107656,
            0.211858369
        ],
        [
            64620,
            0.210980884
        ],
        [
            64481,
            0.252862113
        ]
    ],
    "TBO_prob_no_repair": [
        [
            103742,
            0.010166216
        ],
        [
            62792,
            0.008976434
        ],
        [
            64481,
            0.007889378
        ]
    ],
    "jaya_no_repair": [
        [
            103742,
            0.254071578
        ],
        [
            62792,
            0.007490206
        ],
        [
            64481,
            0.007537753
        ]
    ],
    "TBO_med_repair": [
        [
            103784,
            0.209604325
        ],
        [
            62792,
            0.143706404
        ],
        [
            64481,
            0.220066354
        ]
    ],
    "LBO_no_repair": [
        [
            103742,
            0.147266306
        ],
        [
            62792,
            0.005347856
        ],
        [
            64481,
            0.005550847
        ]
    ],
    "triplicate_prob_repair": [
        [
            128518,
            3.371570105
        ],
        [
            83096,
            3.829384865
        ],
        [
            83540,
            6.760540349
        ]
    ],
    "triplicate_prob_no_repair": [
        [
            103742,
            0.013506031
        ],
        [
            62792,
            0.015293812
        ],
        [
            64481,
            0.013543744
        ]
    ],
    "jaya_repair": [
        [
            119285,
            0.464184113
        ],
        [
            77335,
            0.696559865
        ],
        [
            75191,
            1.061074344
        ]
    ]
}
