{
    "TBO_med_no_repair": [
        [
            50299,
            0.386851288
        ],
        [
            28839,
            0.007670147
        ],
        [
            25619,
            0.007200753
        ],
        [
            18966,
            0.007037072
        ],
        [
            12967,
            0.00699077
        ],
        [
            7751,
            0.006869286
        ],
        [
            49105,
            0.006550564
        ],
        [
            32135,
            0.006907354
        ]
    ],
    "TBO_prob_repair": [
        [
            58988,
            0.18246714
        ],
        [
            32807,
            0.483243794
        ],
        [
            28992,
            0.768020961
        ],
        [
            26382,
            0.224282285
        ],
        [
            13732,
            0.222834901
        ],
        [
            9847,
            0.928532208
        ],
        [
            58990,
            0.382829748
        ],
        [
            36040,
            0.573736993
        ]
    ],
    "triplicate_med_no_repair": [
        [
            50299,
            0.314411613
        ],
        [
            28839,
            0.012597666
        ],
        [
            25619,
            0.011558265
        ],
        [
            18966,
            0.01384261
        ],
        [
            12967,
            0.011463419
        ],
        [
            7751,
            0.009343453
        ],
        [
            49105,
            0.00845873
        ],
        [
            32135,
            0.007236045
        ]
    ],
    "triplicate_med_repair": [
        [
            62465,
            0.428061504
        ],
        [
            35906,
            0.560381794
        ],
        [
            32970,
            1.033761086
        ],
        [
            28681,
            0.245805832
        ],
        [
            20152,
            0.624572181
        ],
        [
            18651,
            1.275779778
        ],
        [
            57482,
            0.199105722
        ],
        [
            37621,
            0.491609311
        ]
    ],
    "LBO_repair": [
        [
            57933,
            0.250599125
        ],
        [
            28839,
            0.074328067
        ],
        [
            25619,
            0.097938575
        ],
        [
            24009,
            0.067135102
        ],
        [
            13737,
            0.125293245
        ],
        [
            7751,
            0.091199639
        ],
        [
            53508,
            0.09078562
        ],
        [
            32135,
            0.068857546
        ]
    ],
    "TBO_prob_no_repair": [
        [
            50299,
            0.008386959
        ],
        [
            28839,
            0.005517549
        ],
        [
            25619,
            0.005018424
        ],
        [
            18966,
            0.003612256
        ],
        [
            12967,
            0.004397561
        ],
        [
            7751,
            0.004565343
        ],
        [
            49105,
            0.003703276
        ],
        [
            32135,
            0.003392565
        ]
    ],
    "jaya_no_repair": [
        [
            50299,
            0.274932678
        ],
        [
            28839,
            0.004676861
        ],
        [
            25619,
            0.005229826
        ],
        [
            18966,
            0.005132053
        ],
        [
            12967,
            0.004898485
        ],
        [
            7751,
            0.005158119
        ],
        [
            49105,
            0.005056566
        ],
        [
            32135,
            0.003925142
        ]
    ],
    "TBO_med_repair": [
        [
            50299,
            0.153066043
        ],
        [
            28839,
            0.059088367
        ],
        [
            25619,
            0.097228752
        ],
        [
            19117,
            0.029394734
        ],
        [
            12967,
            0.055180094
        ],
        [
            7913,
            0.094916684
        ],
        [
            49633,
            0.073067722
        ],
        [
            32246,
            0.05500791
        ]
    ],
    "LBO_no_repair": [
        [
            50299,
            0.131649946
        ],
        [
            28839,
            0.002735952
        ],
        [
            25619,
            0.003695539
        ],
        [
            18966,
            0.004132205
        ],
        [
            12967,
            0.003732557
        ],
        [
            7751,
            0.003859482
        ],
        [
            49105,
            0.002861189
        ],
        [
            32135,
            0.003899794
        ]
    ],
    "triplicate_prob_repair": [
        [
            62586,
            1.289956244
        ],
        [
            37424,
            1.852856908
        ],
        [
            33177,
            2.271258643
        ],
        [
            29728,
            0.644624121
        ],
        [
            21492,
            2.526689353
        ],
        [
            19583,
            3.109835227
        ],
        [
            60169,
            0.874858194
        ],
        [
            39670,
            2.750163838
        ]
    ],
    "triplicate_prob_no_repair": [
        [
            50299,
            0.010955382
        ],
        [
            28839,
            0.010313798
        ],
        [
            25619,
            0.006946599
        ],
        [
            18966,
            0.009042483
        ],
        [
            12967,
            0.006609245
        ],
        [
            7751,
            0.008726064
        ],
        [
            49105,
            0.007938796
        ],
        [
            32135,
            0.007371593
        ]
    ],
    "jaya_repair": [
        [
            60972,
            0.350862087
        ],
        [
            35675,
            0.395155277
        ],
        [
            30430,
            0.46729615
        ],
        [
            27532,
            0.171065755
        ],
        [
            20583,
            0.41611043
        ],
        [
            8052,
            0.174201952
        ],
        [
            57851,
            0.110420877
        ],
        [
            33244,
            0.155104432
        ]
    ]
}
