{
    "TBO_med_no_repair": [
        [
            50343,
            1.537536694
        ],
        [
            29459,
            0.029262327
        ],
        [
            26430,
            0.013187363
        ],
        [
            19712,
            0.02878963
        ],
        [
            11727,
            0.029556168
        ],
        [
            8449,
            0.022819615
        ],
        [
            49664,
            0.03246678
        ],
        [
            32448,
            0.035201801
        ],
        [
            27209,
            0.004976835
        ],
        [
            20037,
            0.028708816
        ],
        [
            12805,
            0.02736548
        ],
        [
            7849,
            0.006452861
        ],
        [
            49845,
            0.030071089
        ],
        [
            33434,
            0.029519804
        ],
        [
            30726,
            0.00280691
        ],
        [
            19038,
            0.029389702
        ],
        [
            11756,
            0.028678703
        ]
    ],
    "TBO_prob_repair": [
        [
            60515,
            1.366255019
        ],
        [
            31473,
            1.746743859
        ],
        [
            27046,
            0.740834797
        ],
        [
            26457,
            0.886774818
        ],
        [
            17069,
            3.640200842
        ],
        [
            8449,
            0.669523768
        ],
        [
            57331,
            0.909765012
        ],
        [
            36223,
            2.77383382
        ],
        [
            30632,
            0.436214841
        ],
        [
            25035,
            1.079644936
        ],
        [
            15878,
            1.964122625
        ],
        [
            7849,
            0.225423864
        ],
        [
            59354,
            1.045059669
        ],
        [
            38803,
            2.370681006
        ],
        [
            30739,
            0.101377744
        ],
        [
            25635,
            1.115182692
        ],
        [
            18512,
            2.487515964
        ]
    ],
    "triplicate_med_no_repair": [
        [
            50343,
            0.737791409
        ],
        [
            29459,
            0.043722937
        ],
        [
            26430,
            0.073674685
        ],
        [
            19712,
            0.090712676
        ],
        [
            11727,
            0.055191819
        ],
        [
            8449,
            0.020514763
        ],
        [
            49664,
            0.048465778
        ],
        [
            32448,
            0.041665487
        ],
        [
            27209,
            0.018673881
        ],
        [
            20037,
            0.041111215
        ],
        [
            12805,
            0.046348917
        ],
        [
            7849,
            0.024524782
        ],
        [
            49845,
            0.044191255
        ],
        [
            33434,
            0.052701676
        ],
        [
            30726,
            0.042303898
        ],
        [
            19038,
            0.047988395
        ],
        [
            11756,
            0.049938328
        ]
    ],
    "triplicate_med_repair": [
        [
            59265,
            1.06805937
        ],
        [
            34359,
            2.735870907
        ],
        [
            28636,
            1.970921861
        ],
        [
            27537,
            0.933581542
        ],
        [
            18384,
            2.499604035
        ],
        [
            13762,
            3.818601741
        ],
        [
            55486,
            0.763624664
        ],
        [
            39037,
            4.088986359
        ],
        [
            28503,
            0.309182958
        ],
        [
            26669,
            0.919443723
        ],
        [
            20034,
            2.313883175
        ],
        [
            7849,
            0.230297297
        ],
        [
            59164,
            1.011930328
        ],
        [
            39664,
            2.009244018
        ],
        [
            31724,
            0.148950795
        ],
        [
            29225,
            1.419673594
        ],
        [
            20259,
            2.312796917
        ]
    ],
    "LBO_repair": [
        [
            59563,
            1.420018365
        ],
        [
            29459,
            0.283397531
        ],
        [
            26867,
            0.279785811
        ],
        [
            26875,
            0.581650073
        ],
        [
            19128,
            2.131971374
        ],
        [
            8449,
            0.330700965
        ],
        [
            52193,
            0.399711345
        ],
        [
            32448,
            0.306149882
        ],
        [
            27209,
            0.089095147
        ],
        [
            20037,
            0.120895291
        ],
        [
            12805,
            0.291644209
        ],
        [
            7849,
            0.127569467
        ],
        [
            51397,
            0.154074295
        ],
        [
            33444,
            0.300784627
        ],
        [
            30726,
            0.040858798
        ],
        [
            22276,
            0.233747719
        ],
        [
            12114,
            0.36041507
        ]
    ],
    "TBO_prob_no_repair": [
        [
            50343,
            0.029912613
        ],
        [
            29459,
            0.021692797
        ],
        [
            26430,
            0.013131374
        ],
        [
            19712,
            0.015414326
        ],
        [
            11727,
            0.02001873
        ],
        [
            8449,
            0.023446076
        ],
        [
            49664,
            0.01520986
        ],
        [
            32448,
            0.016180877
        ],
        [
            27209,
            0.003689938
        ],
        [
            20037,
            0.019802738
        ],
        [
            12805,
            0.015884784
        ],
        [
            7849,
            0.004886233
        ],
        [
            49845,
            0.019050813
        ],
        [
            33434,
            0.016061674
        ],
        [
            30726,
            0.002588707
        ],
        [
            19038,
            0.019774538
        ],
        [
            11756,
            0.015564753
        ]
    ],
    "jaya_no_repair": [
        [
            50343,
            1.110045029
        ],
        [
            29459,
            0.022024202
        ],
        [
            26430,
            0.014018977
        ],
        [
            19712,
            0.021107411
        ],
        [
            11727,
            0.01563268
        ],
        [
            8449,
            0.013422717
        ],
        [
            49664,
            0.019347818
        ],
        [
            32448,
            0.024388942
        ],
        [
            27209,
            0.004173384
        ],
        [
            20037,
            0.016138163
        ],
        [
            12805,
            0.016043987
        ],
        [
            7849,
            0.005535069
        ],
        [
            49845,
            0.020813518
        ],
        [
            33434,
            0.02425344
        ],
        [
            30726,
            0.002668471
        ],
        [
            19038,
            0.021402666
        ],
        [
            11756,
            0.022657412
        ]
    ],