{
    "TBO_med_no_repair": [
        [
            14873,
            0.009831621
        ]
    ],
    "TBO_prob_repair": [
        [
            15659,
            0.034092232
        ]
    ],
    "triplicate_med_no_repair": [
        [
            14873,
            0.011937315
        ]
    ],
    "triplicate_med_repair": [
        [
            15752,
            0.081430234
        ]
    ],
    "LBO_repair": [
        [
            16651,
            0.053294002
        ]
    ],
    "TBO_prob_no_repair": [
        [
            14873,
            0.009818134
        ]
    ],
    "jaya_no_repair": [
        [
            14873,
            0.013796975
        ]
    ],
    "TBO_med_repair": [
        [
            15427,
            0.046086852
        ]
    ],
    "LBO_no_repair": [
        [
            14873,
            0.004910967
        ]
    ],
    "triplicate_prob_repair": [
        [
            19189,
            0.358027403
        ]
    ],
    "triplicate_prob_no_repair": [
        [
            14873,
            0.011814405
        ]
    ],
    "jaya_repair": [
        [
            16816,
            0.072184809
        ]
    ]
}
