{
    "TBO_med_no_repair": [
        [
            27739,
            0.022683641
        ],
        [
            21326,
            0.025937237
        ]
    ],
    "TBO_prob_repair": [
        [
            24274,
            1.048152521
        ],
        [
            16818,
            0.167004075
        ]
    ],
    "triplicate_med_no_repair": [
        [
            27739,
            0.070217352
        ],
        [
            21326,
            0.068639379
        ]
    ],
    "triplicate_med_repair": [
        [
            27739,
            1.07506098
        ],
        [
            21222,
            2.269063798
        ]
    ],
    "LBO_repair": [
        [
            22561,
            0.377945061
        ],
        [
            17288,
            0.363119443
        ]
    ],
    "TBO_prob_no_repair": [
        [
            27739,
            0.030745162
        ],
        [
            21326,
            0.025226232
        ]
    ],
    "jaya_no_repair": [
        [
            27739,
            0.026261714
        ],
        [
            21326,
            0.020077277
        ]
    ],
    "TBO_med_repair": [
        [
            22561,
            0.655077694
        ],
        [
            16939,
            0.205279536
        ]
    ],
    "LBO_no_repair": [
        [
            27739,
            0.013072262
        ],
        [
            21326,
            0.010957325
        ]
    ],
    "triplicate_prob_repair": [
        [
            27739,
            0.449699931
        ],
        [
            21326,
            0.797521678
        ]
    ],
    "triplicate_prob_no_repair": [
        [
            27739,
            0.069214163
        ],
        [
            21326,
            0.082413559
        ]
    ],
    "jaya_repair": [
        [
            25614,
            2.900622189
        ],
        [
            18596,
            0.392374918
        ]
    ]
}
