{
    "TBO_med_no_repair": [
        [
            61600,
            0.0521588
        ],
        [
            57012,
            0.050080721
        ]
    ],
    "TBO_prob_repair": [
        [
            63774,
            0.483143078
        ],
        [
            57012,
            0.084936728
        ]
    ],
    "triplicate_med_no_repair": [
        [
            61600,
            0.090789783
        ],
        [
            60722,
            0.258763786
        ]
    ],
    "triplicate_med_repair": [
        [
            82899,
            1.68263933
        ],
        [
            77414,
            1.766627033
        ]
    ],
    "LBO_repair": [
        [
            71931,
            0.380223315
        ],
        [
            60165,
            0.102625602
        ]
    ],
    "TBO_prob_no_repair": [
        [
            61600,
            0.054869928
        ],
        [
            57012,
            0.053316317
        ]
    ],
    "jaya_no_repair": [
        [
            67318,
            0.270017772
        ],
        [
            57800,
            0.089552221
        ]
    ],
    "TBO_med_repair": [
        [
            61600,
            0.082764467
        ],
        [
            57012,
            0.079130939
        ]
    ],
    "LBO_no_repair": [
        [
            61600,
            0.038916818
        ],
        [
            57119,
            0.046939645
        ]
    ],
    "triplicate_prob_repair": [
        [
            83920,
            1.857096088
        ],
        [
            62876,
            0.503132048
        ]
    ],
    "triplicate_prob_no_repair": [
        [
            65091,
            0.208353239
        ],
        [
            58062,
            0.172607249
        ]
    ],
    "jaya_repair": [
        [
            82802,
            1.380817822
        ],
        [
            76904,
            1.283883148
        ]
    ]
}
