{
    "TBO_med_no_repair": [
        [
            21664,
            0.020503015
        ],
        [
            16310,
            0.026689853
        ],
        [
            16936,
            0.026580321
        ],
        [
            6546,
            0.024247333
        ],
        [
            5209,
            0.022859509
        ],
        [
            3307,
            0.021445526
        ],
        [
            19386,
            0.021756314
        ],
        [
            16464,
            0.028788315
        ],
        [
            15594,
            0.032606072
        ],
        [
            6114,
            0.023954967
        ],
        [
            4625,
            0.026963158
        ],
        [
            4695,
            0.021599542
        ],
        [
            22026,
            0.024672078
        ],
        [
            14586,
            0.019577266
        ],
        [
            15531,
            0.023603153
        ],
        [
            6437,
            0.023006205
        ],
        [
            5623,
            0.027170491
        ],
        [
            5061,
            0.027795529
        ],
        [
            20259,
            0.024266058
        ],
        [
            15687,
            0.021497797
        ]
    ],
    "TBO_prob_repair": [
        [
            24914,
            0.161016984
        ],
        [
            17797,
            0.131297287
        ],
        [
            18350,
            0.107731626
        ],
        [
            8120,
            0.086745556
        ],
        [
            6768,
            0.225130132
        ],
        [
            6275,
            0.252666627
        ],
        [
            23972,
            0.306303564
        ],
        [
            17519,
            0.136859995
        ],
        [
            16982,
            0.112988542
        ],
        [
            7618,
            0.115620278
        ],
        [
            6358,
            0.144244785
        ],
        [
            5400,
            0.066155761
        ],
        [
            22884,
            0.070787522
        ],
        [
            15824,
            0.101021058
        ],
        [
            15827,
            0.074633831
        ],
        [
            8195,
            0.10479315
        ],
        [
            5819,
            0.056204319
        ],
        [
            5582,
            0.129909155
        ],
        [
            22924,
            0.186326332
        ],
        [
            18017,
            0.200803774
        ]
    ],
    "triplicate_med_no_repair": [
        [
            21664,
            0.043800257
        ],
        [
            16310,
            0.053915772
        ],
        [
            16936,
            0.051232138
        ],
        [
            6546,
            0.042654033
        ],
        [
            5761,
            0.063163326
        ],
        [
            3307,
            0.065522885
        ],
        [
            20001,
            0.073514787
        ],
        [
            16464,
            0.041773566
        ],
        [
            15594,
            0.055469915
        ],
        [
            6361,
            0.084212076
        ],
        [
            4625,
            0.051065325
        ],
        [
            4695,
            0.04407503
        ],
        [
            22026,
            0.039042986
        ],
        [
            14586,
            0.03887816
        ],
        [
            15531,
            0.048357349
        ],
        [
            6437,
            0.042793789
        ],
        [
            5623,
            0.042923786
        ],
        [
            5061,
            0.046448659
        ],
        [
            20259,
            0.039981026
        ],
        [
            15687,
            0.037761009
        ]
    ],
    "triplicate_med_repair": [
        [
            27691,
            0.449745552
        ],
        [
            21235,
            0.505389526
        ],
        [
            20857,
            0.38140548
        ],
        [
            10409,
            0.414038515
        ],
        [
            9285,
            0.542752847
        ],
        [
            7676,
            0.455208912
        ],
        [
            25927,
            0.490274915
        ],
        [
            18795,
            0.289875481
        ],
        [
            18605,
            0.223001959
        ],
        [
            10116,
            0.550319103
        ],
        [
            8517,
            0.488379823
        ],
        [
            7994,
            0.465091304
        ],
        [
            22026,
            0.075227755
        ],
        [
            18946,
            0.445463208
        ],
        [
            18142,
            0.440730988
        ],
        [
            9859,
            0.245470855
        ],
        [
            8707,
            0.444105558
        ],
        [
            8380,
            0.449267406
        ],
        [
            22545,
            0.131031846
        ],
        [
            19912,
            0.419765362
        ]
    ],
    "LBO_repair": [
        [
            24283,
            0.070362799
        ],
        [
            19779,
            0.239736755
        ],
        [
            18012,
            0.064019033
        ],
        [
            9242,
            0.139252771
        ],
        [
            8737,
            0.293068057
        ],
        [
            7329,
            0.291200393
        ],
        [
            24762,
            0.227661255
        ],
        [
            16464,
            0.049378937
        ],
        [
            18691,
            0.501390549
        ],
        [
            9357,
            0.174026165
        ],
        [
            5472,
            0.049933735
        ],
        [
            4695,
            0.057103456
        ],
        [
            22026,
            0.035776336
        ],
        [
            15900,
            0.0961155
        ],
        [
            15724,
            0.091022227
        ],
        [
            8290,
            0.07167473
        ],
        [
            8470,
            0.365329243
        ],
        [
            5061,
            0.050026174
        ],
        [
            23980,
            0.238968316
        ],
        [
            18083,
            0.141565333
        ]
    ],
    "TBO_prob_no_repair": [
        [
            21664,
            0.028480334
        ],
        [
            16310,
            0.026050675
        ],
        [
            16936,
            0.026195929
        ],
        [
            6546,
            0.025953384
        ],
        [
            5209,
            0.027239625
        ],
        [
            3307,
            0.026872047
        ],
        [
            19386,
            0.025565868
        ],
        [
            16464,
            0.025478875
        ],
        [
            15594,
            0.033431613
        ],
        [
            6591,
            0.064062827
        ],
        [
            4817,
            0.04000849
        ],
        [
            4695,
            0.026979589
        ],
        [
            22026,
            0.022409432
        ],
        [
            14586,
            0.023959282
        ],
        [
            15531,
            0.028183135
        ],
        [
            6437,
            0.028100178
        ],
        [
            5623,
            0.02756261
        ],
        [
            5061,
            0.026610446
        ],
        [
            20262,
            0.026431169
        ],
        [
            15687,
            0.025968483
        ]
    ],